{
    "apple": {
        "f1-score": 0.8131868131868132,
        "precision": 0.9024390243902439,
        "recall": 0.74,
        "support": 100
    },
    "aquarium_fish": {
        "f1-score": 0.7717391304347825,
        "precision": 0.8452380952380952,
        "recall": 0.71,
        "support": 100
    },
    "baby": {
        "f1-score": 0.5966850828729282,
        "precision": 0.6666666666666666,
        "recall": 0.54,
        "support": 100
    },
    "bear": {
        "f1-score": 0.29457364341085274,
        "precision": 0.6551724137931034,
        "recall": 0.19,
        "support": 100
    },
    "beaver": {
        "f1-score": 0.4200913242009133,
        "precision": 0.3865546218487395,
        "recall": 0.46,
        "support": 100
    },
    "bed": {
        "f1-score": 0.6424870466321244,
        "precision": 0.6666666666666666,
        "recall": 0.62,
        "support": 100
    },
    "bee": {
        "f1-score": 0.6363636363636364,
        "precision": 0.7368421052631579,
        "recall": 0.56,
        "support": 100
    },
    "beetle": {
        "f1-score": 0.5964912280701754,
        "precision": 0.7183098591549296,
        "recall": 0.51,
        "support": 100
    },
    "bicycle": {
        "f1-score": 0.7582417582417583,
        "precision": 0.8414634146341463,
        "recall": 0.69,
        "support": 100
    },
    "bottle": {
        "f1-score": 0.7415730337078651,
        "precision": 0.8461538461538461,
        "recall": 0.66,
        "support": 100
    },
    "bowl": {
        "f1-score": 0.4924623115577889,
        "precision": 0.494949494949495,
        "recall": 0.49,
        "support": 100
    },
    "boy": {
        "f1-score": 0.3948497854077253,
        "precision": 0.3458646616541353,
        "recall": 0.46,
        "support": 100
    },
    "bridge": {
        "f1-score": 0.6060606060606061,
        "precision": 0.4878048780487805,
        "recall": 0.8,
        "support": 100
    },
    "bus": {
        "f1-score": 0.5520833333333334,
        "precision": 0.5760869565217391,
        "recall": 0.53,
        "support": 100
    },
    "butterfly": {
        "f1-score": 0.4833333333333334,
        "precision": 0.4142857142857143,
        "recall": 0.58,
        "support": 100
    },
    "camel": {
        "f1-score": 0.631578947368421,
        "precision": 0.6666666666666666,
        "recall": 0.6,
        "support": 100
    },
    "can": {
        "f1-score": 0.6923076923076923,
        "precision": 0.6666666666666666,
        "recall": 0.72,
        "support": 100
    },
    "castle": {
        "f1-score": 0.7942583732057417,
        "precision": 0.7614678899082569,
        "recall": 0.83,
        "support": 100
    },
    "caterpillar": {
        "f1-score": 0.5198237885462555,
        "precision": 0.4645669291338583,
        "recall": 0.59,
        "support": 100
    },
    "cattle": {
        "f1-score": 0.5535714285714285,
        "precision": 0.5,
        "recall": 0.62,
        "support": 100
    },
    "chair": {
        "f1-score": 0.8041237113402062,
        "precision": 0.8297872340425532,
        "recall": 0.78,
        "support": 100
    },
    "chimpanzee": {
        "f1-score": 0.7386363636363636,
        "precision": 0.8552631578947368,
        "recall": 0.65,
        "support": 100
    },
    "clock": {
        "f1-score": 0.6701570680628273,
        "precision": 0.7032967032967034,
        "recall": 0.64,
        "support": 100
    },
    "cloud": {
        "f1-score": 0.6976744186046512,
        "precision": 0.8333333333333334,
        "recall": 0.6,
        "support": 100
    },
    "cockroach": {
        "f1-score": 0.7524752475247525,
        "precision": 0.7450980392156863,
        "recall": 0.76,
        "support": 100
    },
    "couch": {
        "f1-score": 0.5813953488372093,
        "precision": 0.6944444444444444,
        "recall": 0.5,
        "support": 100
    },
    "crab": {
        "f1-score": 0.5217391304347826,
        "precision": 0.5714285714285714,
        "recall": 0.48,
        "support": 100
    },
    "crocodile": {
        "f1-score": 0.40433212996389895,
        "precision": 0.3163841807909605,
        "recall": 0.56,
        "support": 100
    },
    "cup": {
        "f1-score": 0.7407407407407408,
        "precision": 0.6896551724137931,
        "recall": 0.8,
        "support": 100
    },
    "dinosaur": {
        "f1-score": 0.5894736842105264,
        "precision": 0.6222222222222222,
        "recall": 0.56,
        "support": 100
    },
    "dolphin": {
        "f1-score": 0.5636363636363637,
        "precision": 0.5166666666666667,
        "recall": 0.62,
        "support": 100
    },
    "elephant": {
        "f1-score": 0.6428571428571429,
        "precision": 0.7941176470588235,
        "recall": 0.54,
        "support": 100
    },
    "flatfish": {
        "f1-score": 0.582857142857143,
        "precision": 0.68,
        "recall": 0.51,
        "support": 100
    },
    "forest": {
        "f1-score": 0.5405405405405405,
        "precision": 0.5882352941176471,
        "recall": 0.5,
        "support": 100
    },
    "fox": {
        "f1-score": 0.6408839779005524,
        "precision": 0.7160493827160493,
        "recall": 0.58,
        "support": 100
    },
    "girl": {
        "f1-score": 0.4065934065934066,
        "precision": 0.45121951219512196,
        "recall": 0.37,
        "support": 100
    },
    "hamster": {
        "f1-score": 0.7231638418079096,
        "precision": 0.8311688311688312,
        "recall": 0.64,
        "support": 100
    },
    "house": {
        "f1-score": 0.6781609195402298,
        "precision": 0.7972972972972973,
        "recall": 0.59,
        "support": 100
    },
    "kangaroo": {
        "f1-score": 0.5149700598802395,
        "precision": 0.6417910447761194,
        "recall": 0.43,
        "support": 100
    },
    "keyboard": {
        "f1-score": 0.7715736040609137,
        "precision": 0.7835051546391752,
        "recall": 0.76,
        "support": 100
    },
    "lamp": {
        "f1-score": 0.5568181818181819,
        "precision": 0.6447368421052632,
        "recall": 0.49,
        "support": 100
    },
    "lawn_mower": {
        "f1-score": 0.8087431693989071,
        "precision": 0.891566265060241,
        "recall": 0.74,
        "support": 100
    },
    "leopard": {
        "f1-score": 0.5427509293680297,
        "precision": 0.4319526627218935,
        "recall": 0.73,
        "support": 100
    },
    "lion": {
        "f1-score": 0.6516853932584269,
        "precision": 0.7435897435897436,
        "recall": 0.58,
        "support": 100
    },
    "lizard": {
        "f1-score": 0.3082706766917293,
        "precision": 0.2469879518072289,
        "recall": 0.41,
        "support": 100
    },
    "lobster": {
        "f1-score": 0.43269230769230765,
        "precision": 0.4166666666666667,
        "recall": 0.45,
        "support": 100
    },
    "man": {
        "f1-score": 0.41747572815533984,
        "precision": 0.4056603773584906,
        "recall": 0.43,
        "support": 100
    },
    "maple_tree": {
        "f1-score": 0.5572139303482587,
        "precision": 0.5544554455445545,
        "recall": 0.56,
        "support": 100
    },
    "motorcycle": {
        "f1-score": 0.7796610169491526,
        "precision": 0.6764705882352942,
        "recall": 0.92,
        "support": 100
    },
    "mountain": {
        "f1-score": 0.7465437788018433,
        "precision": 0.6923076923076923,
        "recall": 0.81,
        "support": 100
    },
    "mouse": {
        "f1-score": 0.4615384615384615,
        "precision": 0.6428571428571429,
        "recall": 0.36,
        "support": 100
    },
    "mushroom": {
        "f1-score": 0.6086956521739131,
        "precision": 0.5887850467289719,
        "recall": 0.63,
        "support": 100
    },
    "oak_tree": {
        "f1-score": 0.6101694915254237,
        "precision": 0.5294117647058824,
        "recall": 0.72,
        "support": 100
    },