{
    "apple": {
        "f1-score": 0.9,
        "precision": 0.8181818181818182,
        "recall": 1.0,
        "support": 9
    },
    "aquarium_fish": {
        "f1-score": 0.7826086956521738,
        "precision": 0.9,
        "recall": 0.6923076923076923,
        "support": 13
    },
    "baby": {
        "f1-score": 0.7142857142857143,
        "precision": 0.7142857142857143,
        "recall": 0.7142857142857143,
        "support": 7
    },
    "bear": {
        "f1-score": 0.2222222222222222,
        "precision": 0.2222222222222222,
        "recall": 0.2222222222222222,
        "support": 9
    },
    "beaver": {
        "f1-score": 0.41666666666666663,
        "precision": 0.45454545454545453,
        "recall": 0.38461538461538464,
        "support": 13
    },
    "bed": {
        "f1-score": 0.7777777777777777,
        "precision": 0.875,
        "recall": 0.7,
        "support": 10
    },
    "bee": {
        "f1-score": 0.7000000000000001,
        "precision": 0.5833333333333334,
        "recall": 0.875,
        "support": 8
    },
    "beetle": {
        "f1-score": 0.5555555555555556,
        "precision": 0.625,
        "recall": 0.5,
        "support": 10
    },
    "bicycle": {
        "f1-score": 0.875,
        "precision": 0.875,
        "recall": 0.875,
        "support": 8
    },
    "bottle": {
        "f1-score": 0.6666666666666666,
        "precision": 0.6666666666666666,
        "recall": 0.6666666666666666,
        "support": 9
    },
    "bowl": {
        "f1-score": 0.4827586206896552,
        "precision": 0.5384615384615384,
        "recall": 0.4375,
        "support": 16
    },
    "boy": {
        "f1-score": 0.2857142857142857,
        "precision": 0.2857142857142857,
        "recall": 0.2857142857142857,
        "support": 7
    },
    "bridge": {
        "f1-score": 0.7777777777777778,
        "precision": 0.7777777777777778,
        "recall": 0.7777777777777778,
        "support": 9
    },
    "bus": {
        "f1-score": 0.7272727272727272,
        "precision": 0.6666666666666666,
        "recall": 0.8,
        "support": 10
    },
    "butterfly": {
        "f1-score": 0.4705882352941177,
        "precision": 0.6666666666666666,
        "recall": 0.36363636363636365,
        "support": 11
    },
    "camel": {
        "f1-score": 0.7199999999999999,
        "precision": 0.6923076923076923,
        "recall": 0.75,
        "support": 12
    },
    "can": {
        "f1-score": 0.6666666666666666,
        "precision": 0.7,
        "recall": 0.6363636363636364,
        "support": 11
    },
    "castle": {
        "f1-score": 0.9473684210526316,
        "precision": 0.9,
        "recall": 1.0,
        "support": 9
    },
    "caterpillar": {
        "f1-score": 0.28571428571428564,
        "precision": 0.2727272727272727,
        "recall": 0.3,
        "support": 10
    },
    "cattle": {
        "f1-score": 0.761904761904762,
        "precision": 0.6666666666666666,
        "recall": 0.8888888888888888,
        "support": 9
    },
    "chair": {
        "f1-score": 0.7999999999999999,
        "precision": 0.8235294117647058,
        "recall": 0.7777777777777778,
        "support": 18
    },
    "chimpanzee": {
        "f1-score": 0.7826086956521738,
        "precision": 0.9,
        "recall": 0.6923076923076923,
        "support": 13
    },
    "clock": {
        "f1-score": 0.7407407407407408,
        "precision": 0.7692307692307693,
        "recall": 0.7142857142857143,
        "support": 14
    },
    "cloud": {
        "f1-score": 0.9090909090909091,
        "precision": 0.9090909090909091,
        "recall": 0.9090909090909091,
        "support": 11
    },
    "cockroach": {
        "f1-score": 0.823529411764706,
        "precision": 0.875,
        "recall": 0.7777777777777778,
        "support": 9
    },
    "couch": {
        "f1-score": 0.6363636363636365,
        "precision": 0.5833333333333334,
        "recall": 0.7,
        "support": 10
    },
    "crab": {
        "f1-score": 0.7999999999999999,
        "precision": 0.7272727272727273,
        "recall": 0.8888888888888888,
        "support": 9
    },
    "crocodile": {
        "f1-score": 0.6428571428571429,
        "precision": 0.6428571428571429,
        "recall": 0.6428571428571429,
        "support": 14
    },
    "cup": {
        "f1-score": 0.6666666666666666,
        "precision": 0.7,
        "recall": 0.6363636363636364,
        "support": 11
    },
    "dinosaur": {
        "f1-score": 0.5000000000000001,
        "precision": 0.8,
        "recall": 0.36363636363636365,
        "support": 11
    },
    "dolphin": {
        "f1-score": 0.4444444444444445,
        "precision": 0.5,
        "recall": 0.4,
        "support": 10
    },
    "elephant": {
        "f1-score": 0.64,
        "precision": 0.5714285714285714,
        "recall": 0.7272727272727273,
        "support": 11
    },
    "flatfish": {
        "f1-score": 0.5555555555555556,
        "precision": 0.5,
        "recall": 0.625,
        "support": 8
    },
    "forest": {
        "f1-score": 0.5,
        "precision": 0.3888888888888889,
        "recall": 0.7,
        "support": 10
    },
    "fox": {
        "f1-score": 0.6956521739130435,
        "precision": 0.6153846153846154,
        "recall": 0.8,
        "support": 10
    },
    "girl": {
        "f1-score": 0.5714285714285715,
        "precision": 0.6666666666666666,
        "recall": 0.5,
        "support": 12
    },
    "hamster": {
        "f1-score": 0.6666666666666666,
        "precision": 1.0,
        "recall": 0.5,
        "support": 10
    },
    "house": {
        "f1-score": 0.9333333333333333,
        "precision": 0.9333333333333333,
        "recall": 0.9333333333333333,
        "support": 15
    },
    "kangaroo": {
        "f1-score": 0.6666666666666666,
        "precision": 0.6666666666666666,
        "recall": 0.6666666666666666,
        "support": 6
    },
    "keyboard": {
        "f1-score": 0.46153846153846156,
        "precision": 0.3333333333333333,
        "recall": 0.75,
        "support": 4
    },
    "lamp": {
        "f1-score": 0.47058823529411764,
        "precision": 0.4444444444444444,
        "recall": 0.5,
        "support": 8
    },
    "lawn_mower": {
        "f1-score": 0.8695652173913044,
        "precision": 0.7692307692307693,
        "recall": 1.0,
        "support": 10
    },
    "leopard": {
        "f1-score": 0.42857142857142855,
        "precision": 0.3333333333333333,
        "recall": 0.6,
        "support": 5
    },
    "lion": {
        "f1-score": 0.8,
        "precision": 1.0,
        "recall": 0.6666666666666666,
        "support": 3
    },
    "lizard": {
        "f1-score": 0.4,
        "precision": 0.5,
        "recall": 0.3333333333333333,
        "support": 12
    },
    "lobster": {
        "f1-score": 0.5333333333333333,
        "precision": 0.5,
        "recall": 0.5714285714285714,
        "support": 7
    },
    "man": {
        "f1-score": 0.608695652173913,
        "precision": 0.7,
        "recall": 0.5384615384615384,
        "support": 13
    },
    "maple_tree": {
        "f1-score": 0.5599999999999999,
        "precision": 0.5384615384615384,
        "recall": 0.5833333333333334,
        "support": 12
    },
    "motorcycle": {
        "f1-score": 0.7999999999999999,
        "precision": 0.8888888888888888,
        "recall": 0.7272727272727273,
        "support": 11
    },
    "mountain": {
        "f1-score": 0.823529411764706,
        "precision": 0.875,
        "recall": 0.7777777777777778,
        "support": 9
    },
    "mouse": {
        "f1-score": 0.14285714285714288,
        "precision": 0.125,
        "recall": 0.16666666666666666,
        "support": 6
    },
    "mushroom": {
        "f1-score": 0.36363636363636365,
        "precision": 0.2857142857142857,
        "recall": 0.5,
        "support": 8
    },
    "oak_tree": {
        "f1-score": 0.6666666666666666,
        "precision": 0.7,
        "recall": 0.6363636363636364,
        "support": 11
    },