{
    "apple": {
        "f1-score": 0.8532110091743119,
        "precision": 0.788135593220339,
        "recall": 0.93,
        "support": 100
    },
    "aquarium_fish": {
        "f1-score": 0.8196721311475409,
        "precision": 0.9036144578313253,
        "recall": 0.75,
        "support": 100
    },
    "baby": {
        "f1-score": 0.56,
        "precision": 0.56,
        "recall": 0.56,
        "support": 100
    },
    "bear": {
        "f1-score": 0.44954128440366975,
        "precision": 0.4152542372881356,
        "recall": 0.49,
        "support": 100
    },
    "beaver": {
        "f1-score": 0.5114155251141552,
        "precision": 0.47058823529411764,
        "recall": 0.56,
        "support": 100
    },
    "bed": {
        "f1-score": 0.7208121827411167,
        "precision": 0.7319587628865979,
        "recall": 0.71,
        "support": 100
    },
    "bee": {
        "f1-score": 0.7403846153846153,
        "precision": 0.7129629629629629,
        "recall": 0.77,
        "support": 100
    },
    "beetle": {
        "f1-score": 0.6632653061224489,
        "precision": 0.6770833333333334,
        "recall": 0.65,
        "support": 100
    },
    "bicycle": {
        "f1-score": 0.8617021276595745,
        "precision": 0.9204545454545454,
        "recall": 0.81,
        "support": 100
    },
    "bottle": {
        "f1-score": 0.7053571428571428,
        "precision": 0.6370967741935484,
        "recall": 0.79,
        "support": 100
    },
    "bowl": {
        "f1-score": 0.4924623115577889,
        "precision": 0.494949494949495,
        "recall": 0.49,
        "support": 100
    },
    "boy": {
        "f1-score": 0.43396226415094336,
        "precision": 0.4107142857142857,
        "recall": 0.46,
        "support": 100
    },
    "bridge": {
        "f1-score": 0.6470588235294118,
        "precision": 0.6346153846153846,
        "recall": 0.66,
        "support": 100
    },
    "bus": {
        "f1-score": 0.6774193548387097,
        "precision": 0.7325581395348837,
        "recall": 0.63,
        "support": 100
    },
    "butterfly": {
        "f1-score": 0.6120218579234973,
        "precision": 0.6746987951807228,
        "recall": 0.56,
        "support": 100
    },
    "camel": {
        "f1-score": 0.7053140096618358,
        "precision": 0.6822429906542056,
        "recall": 0.73,
        "support": 100
    },
    "can": {
        "f1-score": 0.7236180904522613,
        "precision": 0.7272727272727273,
        "recall": 0.72,
        "support": 100
    },
    "castle": {
        "f1-score": 0.8557213930348259,
        "precision": 0.8514851485148515,
        "recall": 0.86,
        "support": 100
    },
    "caterpillar": {
        "f1-score": 0.5445544554455445,
        "precision": 0.5392156862745098,
        "recall": 0.55,
        "support": 100
    },
    "cattle": {
        "f1-score": 0.6461538461538461,
        "precision": 0.6631578947368421,
        "recall": 0.63,
        "support": 100
    },
    "chair": {
        "f1-score": 0.8140703517587939,
        "precision": 0.8181818181818182,
        "recall": 0.81,
        "support": 100
    },
    "chimpanzee": {
        "f1-score": 0.7336683417085427,
        "precision": 0.7373737373737373,
        "recall": 0.73,
        "support": 100
    },
    "clock": {
        "f1-score": 0.708994708994709,
        "precision": 0.7528089887640449,
        "recall": 0.67,
        "support": 100
    },
    "cloud": {
        "f1-score": 0.7511737089201878,
        "precision": 0.7079646017699115,
        "recall": 0.8,
        "support": 100
    },
    "cockroach": {
        "f1-score": 0.8041237113402062,
        "precision": 0.8297872340425532,
        "recall": 0.78,
        "support": 100
    },
    "couch": {
        "f1-score": 0.5603864734299516,
        "precision": 0.5420560747663551,
        "recall": 0.58,
        "support": 100
    },
    "crab": {
        "f1-score": 0.6914893617021277,
        "precision": 0.7386363636363636,
        "recall": 0.65,
        "support": 100
    },
    "crocodile": {
        "f1-score": 0.5333333333333334,
        "precision": 0.5473684210526316,
        "recall": 0.52,
        "support": 100
    },
    "cup": {
        "f1-score": 0.761904761904762,
        "precision": 0.8089887640449438,
        "recall": 0.72,
        "support": 100
    },
    "dinosaur": {
        "f1-score": 0.6530612244897959,
        "precision": 0.6666666666666666,
        "recall": 0.64,
        "support": 100
    },
    "dolphin": {
        "f1-score": 0.6571428571428571,
        "precision": 0.6272727272727273,
        "recall": 0.69,
        "support": 100
    },
    "elephant": {
        "f1-score": 0.6630434782608696,
        "precision": 0.7261904761904762,
        "recall": 0.61,
        "support": 100
    },
    "flatfish": {
        "f1-score": 0.582010582010582,
        "precision": 0.6179775280898876,
        "recall": 0.55,
        "support": 100
    },
    "forest": {
        "f1-score": 0.5201465201465202,
        "precision": 0.41040462427745666,
        "recall": 0.71,
        "support": 100
    },
    "fox": {
        "f1-score": 0.7872340425531915,
        "precision": 0.8409090909090909,
        "recall": 0.74,
        "support": 100
    },
    "girl": {
        "f1-score": 0.4893617021276596,
        "precision": 0.5227272727272727,
        "recall": 0.46,
        "support": 100
    },
    "hamster": {
        "f1-score": 0.7589743589743589,
        "precision": 0.7789473684210526,
        "recall": 0.74,
        "support": 100
    },
    "house": {
        "f1-score": 0.6759259259259258,
        "precision": 0.6293103448275862,
        "recall": 0.73,
        "support": 100
    },
    "kangaroo": {
        "f1-score": 0.6224489795918368,
        "precision": 0.6354166666666666,
        "recall": 0.61,
        "support": 100
    },
    "keyboard": {
        "f1-score": 0.7368421052631579,
        "precision": 0.7064220183486238,
        "recall": 0.77,
        "support": 100
    },
    "lamp": {
        "f1-score": 0.6629213483146067,
        "precision": 0.7564102564102564,
        "recall": 0.59,
        "support": 100
    },
    "lawn_mower": {
        "f1-score": 0.8374384236453202,
        "precision": 0.8252427184466019,
        "recall": 0.85,
        "support": 100
    },
    "leopard": {
        "f1-score": 0.6759259259259258,
        "precision": 0.6293103448275862,
        "recall": 0.73,
        "support": 100
    },
    "lion": {
        "f1-score": 0.7589743589743589,
        "precision": 0.7789473684210526,
        "recall": 0.74,
        "support": 100
    },
    "lizard": {
        "f1-score": 0.4528301886792452,
        "precision": 0.42857142857142855,
        "recall": 0.48,
        "support": 100
    },
    "lobster": {
        "f1-score": 0.5235602094240838,
        "precision": 0.5494505494505495,
        "recall": 0.5,
        "support": 100
    },
    "man": {
        "f1-score": 0.5102040816326531,
        "precision": 0.5208333333333334,
        "recall": 0.5,
        "support": 100
    },
    "maple_tree": {
        "f1-score": 0.6105263157894737,
        "precision": 0.6444444444444445,
        "recall": 0.58,
        "support": 100
    },
    "motorcycle": {
        "f1-score": 0.8695652173913043,
        "precision": 0.8411214953271028,
        "recall": 0.9,
        "support": 100
    },
    "mountain": {
        "f1-score": 0.8018867924528302,
        "precision": 0.7589285714285714,
        "recall": 0.85,
        "support": 100
    },
    "mouse": {
        "f1-score": 0.4771573604060913,
        "precision": 0.4845360824742268,
        "recall": 0.47,
        "support": 100
    },
    "mushroom": {
        "f1-score": 0.6175115207373272,
        "precision": 0.5726495726495726,
        "recall": 0.67,
        "support": 100
    },
    "oak_tree": {
        "f1-score": 0.6153846153846153,
        "precision": 0.5925925925925926,
        "recall": 0.64,
        "support": 100
    },